model,loo,p_loo
v_ams_bin,-17206.796616257285,16300.119510493409
v_pam_bin,,
