model,loo,p_loo
v_ams,-21133.30120948165,19194.056540684272
v_pams,,
v_slps,-20861.77005927327,18801.272805687942
v_ams_bin,,
v_pam_bin,,
v_slp_bin,,
