model,loo,p_loo
v_pams,,
v_slps,-18414.97656915911,17307.8977263954
v_ams_bin,-17206.796616257285,16300.119510493409
v_pam_bin,,
v_slp_bin,-18495.142346018936,17389.49165656741
